;WT;V49I;G50A;A97L
;5.54E-02;1.48E-01;2.66E-02;2.54E-02
;-10.115695;-7.9265;-11.875215;-20.05865
