;WT;V49I;G50A;A97L
;3.38E-02;6.84E-03;6.20E-02;1.06E-01
;-10.115695;-7.9265;-11.875215;-20.05865
