file,EC50,EC50_error,koff,koff_error
WT,-10.115695,1.14245,0.0551, ± 0.0056
V49I,-7.9265,0.363549,0.1599,± 0.0077
G50A,-11.875215,6.786354,0.0256, ± 0.0034
A97L,-20.05865,16.106192,0.0261, ± 0.0035
