file,EC50,EC50_error,kon,kon_error
WT,-10.115695,1.14245,0.0707,0.000067
V49I,-7.9265,0.363549,0.0492,0.000114
G50A,-11.875215,6.786354,0.0986,0.000044
A97L,-20.05865,16.106192,0.0287,0.000087
